epoch,time,train/box_loss,train/cls_loss,train/dfl_loss,metrics/precision(B),metrics/recall(B),metrics/mAP50(B),metrics/mAP50-95(B),val/box_loss,val/cls_loss,val/dfl_loss,lr/pg0,lr/pg1,lr/pg2
1,133.613,4.34932,5.14352,4.2554,0,0,0,0,3.43427,3.88337,3.46557,0.0001538,0.0001538,0.0001538
2,229.126,4.19682,4.92182,4.02179,0,0,0,0,3.42382,3.886,3.46673,0.000314041,0.000314041,0.000314041
3,341.757,3.71043,4.13967,3.44915,0,0,0,0,3.44783,3.941,3.52062,0.000473004,0.000473004,0.000473004
4,411.2,3.15495,3.09322,2.77291,0,0,0,0,3.46858,4.01868,3.50069,0.000630687,0.000630687,0.000630687
5,500.069,2.66434,2.50252,2.32406,0.00197,0.00095,0.00103,0.00044,3.35581,3.91739,3.37682,0.000756819,0.000756819,0.000756819
6,542.06,2.38745,2.22599,2.04431,0.06715,0.09776,0.05291,0.02294,2.90175,3.01065,2.59096,0.000753774,0.000753774,0.000753774
7,594.352,2.17576,2.01248,1.86762,0.49885,0.06356,0.09593,0.04078,2.37241,2.26534,2.02176,0.000750729,0.000750729,0.000750729
8,638.509,2.01811,1.83956,1.74512,0.58175,0.14243,0.15003,0.06688,2.0547,1.90186,1.7784,0.000747683,0.000747683,0.000747683
9,687.682,1.95321,1.74034,1.67369,0.61787,0.18795,0.20944,0.1034,1.763,1.67826,1.58073,0.000744638,0.000744638,0.000744638
10,719.652,1.83079,1.64174,1.58765,0.70204,0.28356,0.32322,0.16622,1.49776,1.23605,1.33894,0.000741593,0.000741593,0.000741593
11,768.411,1.7846,1.57752,1.54714,0.69267,0.24308,0.26901,0.13909,1.52257,1.35737,1.38991,0.000738548,0.000738548,0.000738548
12,815.706,1.71394,1.49889,1.49298,0.71349,0.2714,0.30708,0.16798,1.44172,1.215,1.32096,0.000735502,0.000735502,0.000735502
13,863.172,1.6477,1.41857,1.44438,0.72906,0.23714,0.28615,0.14771,1.55365,1.37401,1.3872,0.000732457,0.000732457,0.000732457
14,893.392,1.61954,1.37347,1.41844,0.60978,0.29176,0.30899,0.16875,1.43393,1.18946,1.29251,0.000729412,0.000729412,0.000729412
15,942.242,1.57379,1.31109,1.39179,0.85366,0.28306,0.33287,0.18154,1.41256,1.16468,1.30138,0.000726367,0.000726367,0.000726367
16,988.765,1.53696,1.28028,1.36289,0.79917,0.36931,0.40817,0.23758,1.27823,1.00077,1.19217,0.000723321,0.000723321,0.000723321
17,1030.3,1.49942,1.22731,1.3389,0.8673,0.38706,0.44344,0.27206,1.20199,0.91128,1.12638,0.000720276,0.000720276,0.000720276
18,1074.26,1.49329,1.20383,1.32875,0.90123,0.42016,0.50337,0.30125,1.14831,0.86089,1.0803,0.000717231,0.000717231,0.000717231
19,1123.33,1.44644,1.15401,1.30213,0.88064,0.39755,0.45029,0.27169,1.20202,0.90576,1.11735,0.000714186,0.000714186,0.000714186
20,1159.68,1.43745,1.14842,1.29023,0.85278,0.40061,0.46406,0.28148,1.20397,0.91421,1.09279,0.00071114,0.00071114,0.00071114
21,1212.11,1.41987,1.1199,1.27316,0.81293,0.41079,0.47535,0.29044,1.15887,0.86595,1.08542,0.000708095,0.000708095,0.000708095
22,1246.44,1.38618,1.09505,1.26653,0.85924,0.37853,0.4603,0.28986,1.17671,0.88266,1.10169,0.00070505,0.00070505,0.00070505
23,1292.54,1.37614,1.06776,1.25319,0.84678,0.47764,0.53258,0.35196,1.06132,0.76558,1.02115,0.000702005,0.000702005,0.000702005
24,1339.07,1.36818,1.05545,1.24411,0.80514,0.47769,0.5344,0.35444,1.04904,0.75434,1.00719,0.000698959,0.000698959,0.000698959
25,1374.3,1.35034,1.02823,1.22704,0.74238,0.4917,0.53275,0.34569,1.04378,0.75818,1.00853,0.000695914,0.000695914,0.000695914
26,1420.56,1.32549,1.02246,1.21942,0.81261,0.4761,0.53325,0.35302,1.01494,0.7505,0.99497,0.000692869,0.000692869,0.000692869
27,1467.87,1.31628,1.00098,1.20959,0.76774,0.48335,0.53581,0.35832,1.01707,0.7523,0.99449,0.000689824,0.000689824,0.000689824
28,1508.87,1.30592,0.98915,1.20657,0.75528,0.50178,0.5557,0.37409,1.00092,0.74801,0.97821,0.000686779,0.000686779,0.000686779
29,1549.19,1.29135,0.97005,1.19062,0.75454,0.52903,0.57321,0.38103,1.00355,0.71661,0.97948,0.000683733,0.000683733,0.000683733
30,1584.76,1.27697,0.95477,1.18341,0.77706,0.54199,0.59308,0.39158,0.99967,0.69661,0.97075,0.000680688,0.000680688,0.000680688
31,1634.23,1.26855,0.94149,1.17706,0.62146,0.57268,0.59069,0.40566,0.94131,0.67957,0.94414,0.000677643,0.000677643,0.000677643
32,1679.95,1.24464,0.92458,1.16645,0.76046,0.54344,0.59268,0.39553,0.98415,0.70976,0.96728,0.000674598,0.000674598,0.000674598
33,1719.13,1.25356,0.92716,1.16588,0.74799,0.52815,0.5737,0.36832,1.01285,0.71245,0.96599,0.000671552,0.000671552,0.000671552
34,1757.37,1.24112,0.90706,1.15842,0.799,0.54395,0.60475,0.40182,0.97661,0.68388,0.95587,0.000668507,0.000668507,0.000668507
35,1805.11,1.21243,0.88003,1.14423,0.80733,0.56757,0.62392,0.42226,0.96936,0.67434,0.9462,0.000665462,0.000665462,0.000665462
36,1849.43,1.21484,0.88536,1.14304,0.73748,0.57746,0.60385,0.39603,0.99116,0.70488,0.95806,0.000662417,0.000662417,0.000662417
37,1884.4,1.20901,0.87851,1.14167,0.71625,0.55392,0.61842,0.42448,0.94296,0.66776,0.93337,0.000659371,0.000659371,0.000659371
38,1928.86,1.20655,0.87541,1.14108,0.78185,0.58711,0.63377,0.42539,0.94125,0.65157,0.92704,0.000656326,0.000656326,0.000656326
39,1975.04,1.1927,0.85312,1.12573,0.79636,0.58896,0.63417,0.43605,0.91929,0.62778,0.9113,0.000653281,0.000653281,0.000653281
40,2021.24,1.20159,0.85638,1.1266,0.8291,0.58135,0.6333,0.42467,0.94273,0.65722,0.92549,0.000650236,0.000650236,0.000650236
41,2058.59,1.1812,0.84955,1.11675,0.75994,0.50946,0.56823,0.36349,1.01697,0.73454,0.9751,0.00064719,0.00064719,0.00064719
42,2101.3,1.19067,0.8389,1.11946,0.80181,0.60144,0.64701,0.44413,0.89955,0.61254,0.90335,0.000644145,0.000644145,0.000644145
43,2150.06,1.17341,0.83059,1.1133,0.81294,0.6055,0.65233,0.44221,0.91535,0.62629,0.91052,0.0006411,0.0006411,0.0006411
44,2187.56,1.16565,0.81984,1.11194,0.75445,0.59621,0.62505,0.42042,0.94799,0.65622,0.92974,0.000638055,0.000638055,0.000638055
45,2229.43,1.17222,0.82098,1.10762,0.80121,0.62468,0.6616,0.45291,0.90568,0.61089,0.90611,0.000635009,0.000635009,0.000635009
46,2278.46,1.14233,0.80106,1.09924,0.80803,0.60101,0.65279,0.44843,0.91044,0.61054,0.90395,0.000631964,0.000631964,0.000631964
47,2326.98,1.13399,0.79433,1.09383,0.80317,0.60135,0.65267,0.44596,0.91229,0.61397,0.90871,0.000628919,0.000628919,0.000628919
48,2369.28,1.1466,0.80074,1.09541,0.80125,0.55143,0.60612,0.39994,0.95502,0.68622,0.92828,0.000625874,0.000625874,0.000625874
49,2407.14,1.14482,0.79425,1.0915,0.72458,0.62067,0.67424,0.47298,0.86002,0.57892,0.88178,0.000622828,0.000622828,0.000622828
50,2452.7,1.13917,0.79059,1.09114,0.70081,0.62477,0.66603,0.45575,0.89466,0.61312,0.89281,0.000619783,0.000619783,0.000619783
51,2498.89,1.13101,0.77946,1.08044,0.6795,0.6146,0.66337,0.45335,0.89906,0.58756,0.89079,0.000616738,0.000616738,0.000616738
52,2533.9,1.12534,0.77576,1.08079,0.82103,0.63153,0.68644,0.47654,0.89564,0.58886,0.89311,0.000613693,0.000613693,0.000613693
53,2579.44,1.12017,0.76693,1.07859,0.76641,0.68171,0.70319,0.46809,0.919,0.60878,0.90105,0.000610648,0.000610648,0.000610648
54,2621.35,1.11286,0.76366,1.07952,0.84677,0.6199,0.71147,0.49066,0.87093,0.57984,0.8784,0.000607602,0.000607602,0.000607602
55,2672.95,1.11504,0.77065,1.07807,0.83388,0.66761,0.71329,0.48673,0.87029,0.57188,0.87838,0.000604557,0.000604557,0.000604557
56,2724.57,1.10075,0.7559,1.07064,0.75355,0.66255,0.69985,0.46823,0.86949,0.58941,0.87825,0.000601512,0.000601512,0.000601512
57,2753.06,1.08569,0.74233,1.06276,0.70511,0.69407,0.70698,0.47442,0.88075,0.58146,0.88074,0.000598467,0.000598467,0.000598467
58,2803.66,1.09247,0.74382,1.06489,0.79131,0.66961,0.72976,0.50298,0.84692,0.56016,0.86447,0.000595421,0.000595421,0.000595421
59,2858.77,1.07587,0.73613,1.06206,0.80929,0.64145,0.69407,0.4762,0.8908,0.5912,0.88744,0.000592376,0.000592376,0.000592376
60,2909.87,1.09458,0.74416,1.068,0.81122,0.64157,0.71294,0.49299,0.85698,0.55511,0.8695,0.000589331,0.000589331,0.000589331
61,2944.64,1.0733,0.72423,1.05133,0.81077,0.659,0.71232,0.49207,0.8526,0.56495,0.86392,0.000586286,0.000586286,0.000586286
62,2989.47,1.07666,0.7276,1.05062,0.83611,0.6506,0.7177,0.49674,0.83216,0.5498,0.85891,0.00058324,0.00058324,0.00058324
63,3035.53,1.07583,0.72436,1.05495,0.73389,0.7247,0.74208,0.51616,0.82612,0.53622,0.85306,0.000580195,0.000580195,0.000580195
64,3085.46,1.08162,0.72586,1.0548,0.82644,0.69077,0.74598,0.51732,0.82513,0.54282,0.85331,0.00057715,0.00057715,0.00057715
65,3116.89,1.06609,0.71523,1.04885,0.86396,0.7091,0.76283,0.52252,0.82452,0.54143,0.85266,0.000574105,0.000574105,0.000574105
66,3159.26,1.05542,0.70686,1.04494,0.81088,0.67649,0.72621,0.51237,0.81779,0.53175,0.84787,0.000571059,0.000571059,0.000571059
67,3206.94,1.0551,0.70767,1.04565,0.73322,0.74642,0.74433,0.52122,0.82951,0.54353,0.85733,0.000568014,0.000568014,0.000568014
68,3251.3,1.0532,0.7035,1.03847,0.83271,0.67599,0.75013,0.5192,0.83008,0.53419,0.85485,0.000564969,0.000564969,0.000564969
69,3298.12,1.06052,0.70948,1.04355,0.84833,0.67347,0.7442,0.52338,0.81428,0.52408,0.84778,0.000561924,0.000561924,0.000561924
70,3328.38,1.04644,0.70132,1.04123,0.7074,0.6791,0.71057,0.49909,0.8205,0.53263,0.84962,0.000558878,0.000558878,0.000558878
71,3382.14,1.05206,0.70426,1.04054,0.8181,0.69534,0.776,0.52732,0.81752,0.52561,0.84902,0.000555833,0.000555833,0.000555833
72,3430.59,1.04605,0.69582,1.03681,0.83455,0.71708,0.76213,0.52472,0.81233,0.5261,0.84364,0.000552788,0.000552788,0.000552788
73,3480.01,1.04954,0.69839,1.03924,0.83401,0.68998,0.77518,0.5335,0.80336,0.51432,0.84252,0.000549743,0.000549743,0.000549743
74,3512.61,1.03008,0.68508,1.03055,0.84408,0.69957,0.75347,0.53553,0.80064,0.51552,0.84232,0.000546697,0.000546697,0.000546697
75,3561.88,1.02973,0.67912,1.03021,0.85453,0.68062,0.7691,0.53289,0.81484,0.51881,0.84503,0.000543652,0.000543652,0.000543652
76,3608.34,1.03287,0.68164,1.03025,0.7536,0.73536,0.76353,0.53147,0.80652,0.52012,0.84166,0.000540607,0.000540607,0.000540607
77,3662.61,1.03971,0.68614,1.03099,0.76606,0.6955,0.72372,0.51141,0.81852,0.52287,0.84861,0.000537562,0.000537562,0.000537562
78,3691.12,1.03402,0.67975,1.03096,0.8424,0.70496,0.75627,0.53112,0.79459,0.50054,0.83487,0.000534517,0.000534517,0.000534517
79,3741.76,1.03012,0.67701,1.02803,0.74821,0.65938,0.72114,0.49791,0.8334,0.53084,0.84997,0.000531471,0.000531471,0.000531471
80,3792.55,1.0256,0.67552,1.02764,0.7818,0.70767,0.75468,0.5329,0.80254,0.50376,0.83965,0.000528426,0.000528426,0.000528426
81,3843.1,1.02913,0.6767,1.02664,0.83115,0.69956,0.75502,0.51785,0.80578,0.51644,0.83836,0.000525381,0.000525381,0.000525381
82,3874.94,1.01682,0.66809,1.02346,0.83152,0.71766,0.75613,0.53321,0.79722,0.50248,0.83485,0.000522336,0.000522336,0.000522336
83,3925.68,1.01382,0.66365,1.01951,0.84686,0.69444,0.74299,0.50953,0.81282,0.51983,0.84165,0.00051929,0.00051929,0.00051929
84,3976.21,1.02247,0.67191,1.02771,0.78207,0.75886,0.78772,0.55208,0.78052,0.49666,0.82842,0.000516245,0.000516245,0.000516245
85,4024.5,1.01937,0.66767,1.02192,0.75464,0.72539,0.76189,0.53095,0.7995,0.50762,0.83736,0.0005132,0.0005132,0.0005132
86,4061.02,1.00862,0.66109,1.01735,0.813,0.6991,0.75264,0.53442,0.78387,0.49209,0.82851,0.000510155,0.000510155,0.000510155
87,4109.26,1.00615,0.65962,1.0116,0.80808,0.714,0.76094,0.53598,0.79051,0.50481,0.83164,0.000507109,0.000507109,0.000507109
88,4157.96,1.0213,0.66611,1.01946,0.78084,0.80058,0.80965,0.5608,0.79075,0.49182,0.83113,0.000504064,0.000504064,0.000504064
89,4211.85,1.00591,0.65481,1.01435,0.85547,0.66338,0.75761,0.53556,0.78991,0.50689,0.8301,0.000501019,0.000501019,0.000501019
90,8438.28,1.00512,0.65294,1.0169,0.82733,0.68345,0.77751,0.54849,0.78495,0.49375,0.8268,0.000497974,0.000497974,0.000497974
91,13572.6,1.00439,0.65447,1.01111,0.80885,0.71133,0.7665,0.52766,0.79352,0.49753,0.82775,0.000494928,0.000494928,0.000494928
92,16970.6,1.00124,0.64798,1.01438,0.79603,0.69455,0.75181,0.52749,0.79596,0.49816,0.83038,0.000491883,0.000491883,0.000491883
93,21888.8,0.994,0.64492,1.00847,0.83499,0.70726,0.78232,0.5534,0.77461,0.48338,0.82044,0.000488838,0.000488838,0.000488838
94,24325.8,0.999,0.64618,1.00902,0.79051,0.71613,0.76684,0.54053,0.77903,0.4879,0.82279,0.000485793,0.000485793,0.000485793
95,27951.1,1.00328,0.64913,1.01261,0.78151,0.76825,0.80439,0.55619,0.78107,0.49097,0.82446,0.000482747,0.000482747,0.000482747
96,31419.8,0.99765,0.64374,1.00833,0.76696,0.76084,0.78747,0.55174,0.77416,0.48294,0.82107,0.000479702,0.000479702,0.000479702
97,32107.4,0.9968,0.64129,1.00579,0.78601,0.7586,0.78335,0.54561,0.77275,0.47891,0.82052,0.000476657,0.000476657,0.000476657
98,33626,0.99882,0.64477,1.00858,0.7651,0.7171,0.76658,0.54687,0.76495,0.48168,0.81793,0.000473612,0.000473612,0.000473612
99,35588.7,0.99747,0.64409,1.009,0.83166,0.6875,0.76864,0.53812,0.7855,0.48003,0.82164,0.000470566,0.000470566,0.000470566
100,39107.6,0.98853,0.63617,1.00029,0.84856,0.70835,0.77696,0.55869,0.76765,0.46922,0.81738,0.000467521,0.000467521,0.000467521
101,39771.4,0.99188,0.6339,1.00404,0.81991,0.72172,0.78181,0.55159,0.77265,0.47926,0.81962,0.000464476,0.000464476,0.000464476
102,47028.7,0.98473,0.63402,1.00348,0.7974,0.75394,0.76976,0.54601,0.76308,0.47008,0.81714,0.000461431,0.000461431,0.000461431
103,52541.7,0.98265,0.63162,1.00532,0.84423,0.69715,0.75658,0.5372,0.78243,0.48563,0.8226,0.000458386,0.000458386,0.000458386
